instance,selected_items,sol_weight,sol_profit
../../instances/kp/multi_profits/inst_3_50_1000_198,2-3-4-6-7-11-15-16-17-18-21-22-23-25-27-28-29-30-31-32-33-36-37-38-39-40-41-43-45-46-48,8490,1406
../../instances/kp/multi_profits/inst_3_50_1000_30,0-1-3-6-7-8-9-10-12-16-18-19-22-23-24-25-27-28-29-32-33-34-39-40-41-43-45-46-47-48-49,9960,1588
../../instances/kp/multi_profits/inst_3_50_1000_153,0-3-4-5-6-7-9-10-11-12-13-14-15-16-18-19-21-22-23-24-26-27-28-30-31-32-33-34-36-37-38-39-40-41-42-43-44-45-46-47-48-49,19121,2825
../../instances/kp/multi_profits/inst_3_50_1000_37,2-3-4-5-7-9-10-11-12-13-14-15-17-18-19-20-21-22-23-25-26-27-28-29-30-31-32-33-34-35-36-37-38-39-40-41-42-43-44-45-46-47-48-49,18183,2737
../../instances/kp/multi_profits/inst_3_50_1000_154,1-2-5-6-8-9-11-12-14-15-16-17-18-20-22-26-27-30-31-32-33-34-35-36-37-38-39-40-42-43-44-45-46-47-48-49,13001,2013
../../instances/kp/multi_profits/inst_3_50_1000_162,0-1-2-4-5-6-7-9-10-11-14-15-16-19-21-22-23-24-25-26-28-30-31-32-33-34-35-36-37-38-39-40-41-42-43-44-45-46-47-48-49,21698,3127
../../instances/kp/multi_profits/inst_3_50_1000_196,1-3-4-5-6-8-9-10-11-12-13-14-15-16-17-18-20-21-22-23-24-25-27-30-31-32-33-34-35-37-38-39-40-41-42-43-44-45-46-47-48-49,20031,2935
../../instances/kp/multi_profits/inst_3_50_1000_191,1-3-4-5-9-10-11-12-16-17-18-22-23-26-27-29-31-32-35-37-38-39-40-42-47-48-49,9019,1421
../../instances/kp/multi_profits/inst_3_50_1000_39,2-4-5-6-8-9-10-12-14-16-17-18-20-23-24-25-28-29-30-32-35-36-38-39-41-42-43-46-48-49,10388,1622
../../instances/kp/multi_profits/inst_3_50_1000_165,0-1-2-3-4-7-9-15-21-23-25-26-27-30-32-33-34-36-42-43-44-46-48,5532,953
../../instances/kp/multi_profits/inst_3_50_1000_99,0-1-2-3-4-5-7-8-10-11-12-13-15-17-18-20-21-22-23-24-25-26-27-28-29-32-33-34-36-37-38-39-40-41-42-44-45-46-47-48-49,16120,2453
../../instances/kp/multi_profits/inst_3_50_1000_131,1-2-3-4-5-7-9-10-11-13-14-15-16-17-18-19-20-21-22-23-24-25-29-30-32-33-35-36-37-38-39-40-41-42-43-44-45-46-47-48-49,16074,2447
../../instances/kp/multi_profits/inst_3_50_1000_52,0-1-4-5-6-7-8-10-11-15-16-18-19-20-21-22-27-28-30-32-33-36-37-38-42-43-45-46-48-49,9577,1523
../../instances/kp/multi_profits/inst_3_50_1000_136,1-4-5-8-10-11-12-13-15-16-17-18-19-21-23-24-27-29-30-31-34-35-36-37-38-40-41-42-43-44-45-46-47-48-49,15479,2296
../../instances/kp/multi_profits/inst_3_50_1000_109,2-4-5-6-8-9-14-15-19-20-21-23-24-25-26-27-28-30-31-33-34-35-36-38-39-41-42-44-45-46-47-48-49,11526,1798
../../instances/kp/multi_profits/inst_3_50_1000_55,0-1-2-4-8-10-11-12-13-14-16-17-18-19-20-21-22-23-24-26-27-28-29-30-31-33-34-36-37-39-40-41-42-43-44-45-46-47-48-49,16408,2470
../../instances/kp/multi_profits/inst_3_50_1000_100,1-2-3-5-7-11-14-16-17-18-19-20-21-22-23-24-25-26-27-29-31-32-33-34-35-37-38-39-40-41-42-43-44-45-46-47-48-49,12361,1960
../../instances/kp/multi_profits/inst_3_50_1000_63,0-1-2-3-4-5-7-8-9-10-11-14-15-16-17-19-20-22-24-25-26-27-28-29-30-31-32-33-34-35-37-39-40-41-42-43-44-45-46-47-48-49,18835,2790
../../instances/kp/multi_profits/inst_3_50_1000_97,0-1-2-3-4-5-6-8-9-10-11-12-13-14-15-16-17-19-20-21-22-23-24-25-27-28-30-32-33-34-35-36-38-39-40-41-42-43-44-45-47-49,19020,2813
../../instances/kp/multi_profits/inst_3_50_1000_107,0-2-3-5-6-7-8-9-10-11-14-17-18-20-21-22-23-24-25-26-27-28-29-32-35-36-38-40-41-42-43-44-45-46-47-49,14676,2217
../../instances/kp/multi_profits/inst_3_50_1000_90,0-1-3-4-5-6-7-8-11-13-14-16-19-20-21-22-23-25-27-28-32-33-35-36-39-40-41-43-44-45-46-47-48-49,12091,1874
../../instances/kp/multi_profits/inst_3_50_1000_64,0-1-6-7-8-9-10-11-13-14-16-17-19-20-21-22-23-25-26-28-29-30-31-32-33-34-35-36-37-38-39-40-41-42-43-44-45-46-47-48-49,18989,2806
../../instances/kp/multi_profits/inst_3_50_1000_138,1-3-5-6-7-8-9-11-12-13-14-17-18-19-20-24-25-26-27-30-32-34-35-36-37-38-39-40-41-42-43-44-45-46-47-48-49,17897,2622
../../instances/kp/multi_profits/inst_3_50_1000_164,3-8-10-11-14-18-20-22-23-27-28-29-33-37-39-40-41-44-46-47-48-49,4662,834
../../instances/kp/multi_profits/inst_3_50_1000_38,0-1-3-4-5-7-9-10-11-13-15-17-18-19-20-21-22-23-24-25-27-28-29-30-31-32-33-34-35-36-37-38-39-40-41-42-43-44-45-46-47-48-49,20406,2993
../../instances/kp/multi_profits/inst_3_50_1000_190,0-1-2-3-5-6-8-10-11-13-14-15-16-17-18-20-22-23-24-25-26-27-28-29-30-31-32-34-35-36-37-40-41-45-47-49,13777,2103
../../instances/kp/multi_profits/inst_3_50_1000_197,0-1-2-3-4-5-7-8-9-10-11-13-14-15-18-19-20-21-22-23-24-25-26-28-29-30-31-33-34-35-38-40-41-42-43-44-46-47-48-49,17324,2586
../../instances/kp/multi_profits/inst_3_50_1000_163,0-1-3-5-6-9-11-13-15-16-19-21-23-25-27-30-32-33-34-38-40-44-45-46-47-48,6420,1092
../../instances/kp/multi_profits/inst_3_50_1000_36,0-1-3-4-5-6-7-8-9-10-11-12-13-15-16-17-19-20-21-22-23-24-25-26-27-29-30-31-32-34-36-37-38-39-41-42-43-45-47-48-49,17909,2668
../../instances/kp/multi_profits/inst_3_50_1000_155,0-1-2-3-5-6-7-8-9-10-12-13-14-15-16-18-20-21-22-23-24-25-26-28-29-31-32-34-35-36-37-38-39-40-41-42-43-44-45-46-47-48-49,18776,2795
../../instances/kp/multi_profits/inst_3_50_1000_31,1-2-4-5-7-8-10-12-13-15-16-18-19-20-22-24-26-29-31-32-34-37-38-39-40-41-42-43-44-45-46-47-49,8328,1407
../../instances/kp/multi_profits/inst_3_50_1000_199,0-1-2-3-4-5-6-7-8-9-11-12-13-14-15-16-17-22-24-25-26-27-28-29-30-32-34-35-38-39-40-42-43-44-45-46-47-48,14879,2266
../../instances/kp/multi_profits/inst_3_50_1000_152,0-1-3-4-5-6-8-9-10-11-12-13-14-15-16-17-18-19-20-21-22-23-25-27-28-29-30-33-35-36-38-39-40-41-42-43-44-45-46-47-48-49,19099,2824
../../instances/kp/multi_profits/inst_3_50_1000_106,0-1-2-4-8-9-11-12-13-17-18-19-20-21-22-23-24-25-26-27-28-31-34-37-38-39-41-42-43-44-45-46-47-48-49,11349,1800
../../instances/kp/multi_profits/inst_3_50_1000_139,0-4-6-11-14-20-21-24-27-29-30-33-35-36-37-38-39-40-41-42-44-45-48-49,7405,1185
../../instances/kp/multi_profits/inst_3_50_1000_65,1-4-5-7-8-12-16-17-21-24-26-28-32-33-34-35-36-38-39-40-41-45-47-49,5934,1010
../../instances/kp/multi_profits/inst_3_50_1000_91,0-1-2-3-4-5-7-8-9-10-11-12-15-16-17-18-19-21-22-23-24-27-28-29-31-32-33-35-36-37-38-39-40-41-42-43-44-45-46-47-48-49,19169,2837
../../instances/kp/multi_profits/inst_3_50_1000_101,0-3-4-5-6-7-8-9-10-11-12-13-14-15-16-17-18-20-21-24-27-28-29-30-31-32-33-34-36-37-38-40-42-43-44-46-47-48-49,14958,2287
../../instances/kp/multi_profits/inst_3_50_1000_96,4-5-6-7-8-9-15-17-19-20-25-26-29-30-33-35-36-37-39-43-44-47-48,6408,1055
../../instances/kp/multi_profits/inst_3_50_1000_62,2-3-4-5-8-9-10-11-12-13-14-15-16-20-21-22-23-24-25-26-27-29-30-31-32-33-34-35-36-37-38-39-40-41-42-43-44-45-46-47-48-49,18609,2766
../../instances/kp/multi_profits/inst_3_50_1000_137,1-2-5-6-7-8-9-14-15-16-19-21-24-26-27-28-32-33-34-36-37-38-39-40-41-42-43-45-46-47-48-49,12956,1956
../../instances/kp/multi_profits/inst_3_50_1000_54,1-2-4-5-6-7-8-9-10-11-13-15-16-17-18-21-22-23-24-25-26-27-28-29-30-31-32-33-34-35-36-37-38-39-40-41-42-43-44-45-46-47-48-49,19431,2889
../../instances/kp/multi_profits/inst_3_50_1000_108,0-2-5-6-7-10-11-12-14-16-19-20-21-22-25-26-30-31-32-34-37-38-39-40-42-43-44-45-46-47-48-49,10589,1666
../../instances/kp/multi_profits/inst_3_50_1000_130,0-1-2-4-5-6-7-8-10-12-13-14-15-16-18-20-21-22-23-24-25-26-27-29-30-31-33-35-36-37-38-39-40-42-43-44-45-46-47-48-49,17582,2629
../../instances/kp/multi_profits/inst_3_50_1000_98,0-1-3-4-6-7-8-9-10-11-12-13-14-15-17-19-20-22-24-25-26-27-28-29-33-34-35-36-37-38-39-41-44-45-46-47-48-49,14792,2252
../../instances/kp/multi_profits/inst_3_50_1000_53,0-1-3-4-6-8-10-11-13-14-15-16-18-20-21-22-23-24-25-26-27-28-29-32-34-35-36-39-41-42-44-45-46-48,10879,1732
../../instances/kp/multi_profits/inst_3_50_1000_1,4-5-7-8-9-11-12-14-15-16-17-18-19-20-21-22-23-24-26-27-28-29-31-32-33-36-37-38-40-41-42-43-44-45-48,12974,1995
../../instances/kp/multi_profits/inst_3_50_1000_6,0-1-4-7-10-12-14-16-17-18-19-23-24-25-27-30-31-32-33-34-36-37-39-42-45-46-48-49,10212,1577
../../instances/kp/multi_profits/inst_3_50_1000_200,0-1-2-3-4-5-7-8-9-12-14-16-17-21-28-31-32-33-35-36-37-38-40-41-43-45-46-48,8470,1367
../../instances/kp/multi_profits/inst_3_50_1000_8,1-2-4-7-9-13-15-16-18-19-20-21-22-23-24-26-28-29-30-32-33-34-35-36-38-39-41-43-44-45-46-47-48-49,12197,1897
../../instances/kp/multi_profits/inst_3_50_1000_9,4-9-11-14-16-17-18-19-20-22-23-25-27-29-33-34-35-36-39-41-43-44-45-49,6179,1038
../../instances/kp/multi_profits/inst_3_50_1000_7,0-1-3-4-6-7-8-9-10-13-14-17-18-19-20-21-22-23-24-25-26-29-30-31-32-33-34-36-37-38-41-42-43-44-45-47-48-49,13274,2070
../../instances/kp/multi_profits/inst_3_50_1000_71,0-1-2-3-4-11-14-15-16-18-19-21-22-23-24-25-27-28-31-32-35-37-39-41-42-43-45-47-48-49,9210,1480
../../instances/kp/multi_profits/inst_3_50_1000_85,1-3-4-5-6-8-9-10-11-12-14-15-18-19-21-23-25-26-27-28-30-31-32-33-35-37-38-39-40-41-42-43-44-45-46-47-48-49,15910,2389
../../instances/kp/multi_profits/inst_3_50_1000_112,1-3-5-6-8-9-11-12-13-16-18-19-20-21-22-25-27-29-30-33-34-36-41-43-45-46-47-48-49,9653,1526
../../instances/kp/multi_profits/inst_3_50_1000_82,2-3-4-5-6-10-11-12-14-16-17-18-19-20-22-25-26-27-28-29-30-31-32-33-34-35-36-37-38-39-40-41-42-43-44-45-46-47-48-49,19984,2910
../../instances/kp/multi_profits/inst_3_50_1000_76,1-2-6-8-9-11-12-13-14-16-17-18-20-23-25-26-27-28-31-33-34-35-37-38-41-42-43-44-45-46-47-49,8192,1384
../../instances/kp/multi_profits/inst_3_50_1000_49,0-1-2-3-5-6-7-8-9-10-11-12-14-15-16-17-18-19-22-23-24-25-26-28-29-30-31-32-33-34-35-36-37-38-39-40-41-42-44-45-46-47-48-49,16909,2585
../../instances/kp/multi_profits/inst_3_50_1000_115,0-1-3-4-7-8-11-12-13-14-16-18-19-20-21-24-25-26-27-28-29-30-31-32-33-36-37-38-39-40-41-42-43-44-45-46-47-48-49,15232,2320
../../instances/kp/multi_profits/inst_3_50_1000_40,3-4-7-8-10-13-14-15-16-19-20-22-24-30-32-33-34-35-36-37-38-39-41-42-44-45-46-47-48-49,8127,1350
../../instances/kp/multi_profits/inst_3_50_1000_123,0-2-4-5-6-7-8-9-11-13-14-16-17-18-19-20-22-23-24-25-27-28-29-30-32-33-34-36-37-40-41-42-43-44-45-47-48-49,14990,2277
../../instances/kp/multi_profits/inst_3_50_1000_47,1-2-3-4-5-6-7-8-9-10-11-12-13-14-15-17-18-19-20-22-23-26-27-28-29-30-31-33-34-35-36-37-39-40-41-42-43-44-45-46-47-48-49,16728,2551
../../instances/kp/multi_profits/inst_3_50_1000_124,1-3-4-5-6-8-9-10-11-12-13-14-15-16-17-18-19-20-21-22-24-25-27-28-29-30-33-34-35-36-37-38-40-42-43-44-45-46-47-48-49,16065,2438
../../instances/kp/multi_profits/inst_3_50_1000_78,0-4-5-7-14-16-17-18-19-20-22-23-25-26-27-29-31-32-33-35-36-37-38-40-44-45-46-47-48-49,7917,1326
../../instances/kp/multi_profits/inst_3_50_1000_170,1-2-4-5-6-7-11-12-13-18-21-22-23-24-25-27-28-29-33-34-35-36-40-46-48,6328,1071
../../instances/kp/multi_profits/inst_3_50_1000_184,0-1-2-3-4-7-8-11-12-13-16-18-19-20-21-25-26-29-30-31-33-34-35-36-39-42-45-46-47-48,9343,1495
../../instances/kp/multi_profits/inst_3_50_1000_13,0-4-7-9-11-12-13-15-16-19-20-24-27-32-33-34-35-36-37-39-40-42-43-45-46-47-48-49,9741,1517
../../instances/kp/multi_profits/inst_3_50_1000_183,0-1-2-3-4-5-6-8-9-10-11-12-13-14-17-18-19-20-21-22-23-24-25-26-28-29-30-31-33-34-35-36-37-38-39-40-41-43-44-45-46-47-48-49,18219,2746
../../instances/kp/multi_profits/inst_3_50_1000_177,0-1-3-4-5-6-7-9-11-13-14-15-16-17-18-19-20-21-22-23-24-26-27-28-29-30-31-32-33-34-36-37-38-39-40-41-42-43-44-45-46-47-48-49,21271,3113
../../instances/kp/multi_profits/inst_3_50_1000_14,0-1-2-3-5-7-8-10-12-14-15-16-17-18-19-20-22-23-25-26-28-29-30-31-32-34-35-36-37-41-42-43-44-45-46-47-48-49,15166,2300
../../instances/kp/multi_profits/inst_3_50_1000_148,1-2-4-9-10-15-16-17-23-24-27-28-34-36-37-38-40-41-42-44-45-47-48-49,7580,1210
../../instances/kp/multi_profits/inst_3_50_1000_141,2-3-6-10-11-15-16-18-20-22-23-24-26-27-28-29-31-33-35-37-41-42-44-47,5694,979
../../instances/kp/multi_profits/inst_3_50_1000_22,0-2-4-6-8-9-10-11-12-13-15-16-17-18-19-20-22-26-27-28-29-31-32-33-34-35-36-37-39-40-41-42-43-44-45-46-47-48-49,15876,2398
../../instances/kp/multi_profits/inst_3_50_1000_146,1-2-3-5-7-8-9-10-11-14-15-16-18-19-20-21-22-23-24-25-28-29-31-32-34-35-37-41-42-43-45-46-47-49,11362,1791
../../instances/kp/multi_profits/inst_3_50_1000_179,0-1-3-4-7-8-9-10-14-15-16-17-22-24-26-28-29-30-31-32-33-34-35-36-37-38-40-41-42-44-46-47-49,10547,1678
../../instances/kp/multi_profits/inst_3_50_1000_25,0-1-2-3-4-5-6-7-9-11-12-13-14-15-22-24-26-27-29-30-31-32-33-35-36-37-40-41-42-43-44-45-46-47-48-49,17075,2506
../../instances/kp/multi_profits/inst_3_50_1000_46,2-3-4-5-6-7-8-9-10-12-14-16-17-18-23-24-25-26-27-30-33-34-37-38-39-40-42-44-45-46-47-49,11741,1813
../../instances/kp/multi_profits/inst_3_50_1000_79,0-2-4-5-10-11-12-13-15-16-19-21-24-25-27-28-30-31-32-33-34-35-36-37-38-39-40-41-42-43-44-45-46-47-48-49,13378,2054
../../instances/kp/multi_profits/inst_3_50_1000_125,4-6-7-8-9-10-11-13-14-17-18-19-21-22-24-25-26-27-28-29-30-31-32-33-34-35-36-37-38-39-40-41-42-43-44-45-46-47-48-49,20951,3024
../../instances/kp/multi_profits/inst_3_50_1000_41,0-2-3-4-6-9-14-15-16-17-18-20-21-22-24-25-26-28-30-31-32-36-37-40-41-49,6290,1076
../../instances/kp/multi_profits/inst_3_50_1000_122,1-2-4-10-12-13-14-16-17-24-26-27-28-30-33-35-36-39-41-42-43-44-45-46-48,5951,1021
../../instances/kp/multi_profits/inst_3_50_1000_77,0-1-2-3-4-5-6-7-8-9-10-11-12-14-15-16-18-19-20-21-23-24-25-26-27-28-30-31-32-33-36-37-38-39-41-42-43-44-45-47-48-49,22749,3267
../../instances/kp/multi_profits/inst_3_50_1000_83,1-2-4-7-8-9-10-11-12-14-16-20-21-23-24-27-28-29-33-35-37-38-39-42-44-45-46-48-49,9083,1452
../../instances/kp/multi_profits/inst_3_50_1000_114,0-2-3-4-5-7-8-10-15-18-21-23-25-26-27-28-30-31-32-33-34-35-36-37-38-39-40-41-42-43-44-45-46-47-48-49,14776,2229
../../instances/kp/multi_profits/inst_3_50_1000_48,0-2-4-5-6-10-12-13-14-15-16-18-19-20-21-25-26-32-33-36-44-45-46-48-49,8252,1302
../../instances/kp/multi_profits/inst_3_50_1000_84,0-1-2-3-4-5-6-8-10-11-12-14-15-16-17-18-19-20-21-22-23-25-26-27-28-30-31-32-33-34-35-36-39-40-41-42-43-44-45-46-47-48,17555,2640
../../instances/kp/multi_profits/inst_3_50_1000_70,1-6-7-8-9-10-12-13-16-18-19-20-25-28-29-31-33-36-37-38-42-43-45-46-47-48-49,9262,1452
../../instances/kp/multi_profits/inst_3_50_1000_113,1-2-3-4-5-7-8-9-12-13-14-15-16-17-18-19-20-22-23-24-26-28-29-30-31-33-34-35-36-37-38-39-40-41-42-43-45-47-48-49,15165,2325
../../instances/kp/multi_profits/inst_3_50_1000_147,0-1-2-3-4-6-7-8-9-10-11-12-13-15-16-17-19-20-21-22-24-25-26-27-28-29-31-32-33-34-35-37-38-39-40-41-42-45-46-47-48,18272,2710
../../instances/kp/multi_profits/inst_3_50_1000_24,0-1-2-3-4-6-7-8-9-10-12-13-14-16-17-18-19-20-21-23-24-25-26-27-28-31-32-35-36-37-39-40-41-43-44-45-46-47-48-49,15597,2372
../../instances/kp/multi_profits/inst_3_50_1000_178,1-2-3-5-7-12-14-15-16-19-20-21-22-23-24-25-26-27-28-30-31-32-33-34-35-36-37-39-41-42-44-45-47-48-49,11688,1841
../../instances/kp/multi_profits/inst_3_50_1000_140,0-1-2-3-5-7-8-9-10-12-15-18-19-20-21-27-28-29-30-31-32-33-34-35-36-37-40-42-46-47-48-49,10604,1673
../../instances/kp/multi_profits/inst_3_50_1000_23,0-1-2-4-6-7-9-10-13-14-15-16-20-22-26-27-28-29-30-31-32-34-35-36-37-39-40-41-42-43-44-45-46-47,13840,2090
../../instances/kp/multi_profits/inst_3_50_1000_176,1-3-5-7-8-9-10-11-12-13-14-17-18-20-23-26-27-28-30-31-32-33-34-35-36-37-40-42-43-44-45-46-47-48-49,12675,1961
../../instances/kp/multi_profits/inst_3_50_1000_182,4-5-6-7-8-9-10-11-13-14-19-22-23-26-29-30-31-32-33-34-35-36-37-39-40-41-42-43-44-45-46-47-48-49,13043,1992
../../instances/kp/multi_profits/inst_3_50_1000_149,3-5-6-7-8-11-20-21-24-25-26-27-31-34-36-37-38-40-41-42-43-44-45-46-47-49,7083,1176
../../instances/kp/multi_profits/inst_3_50_1000_15,0-2-3-4-6-7-8-14-15-17-18-19-20-21-22-24-27-31-32-35-37-39-40-41-43-45-47-48,7242,1222
../../instances/kp/multi_profits/inst_3_50_1000_185,1-3-4-6-7-8-9-10-12-13-14-15-16-17-18-20-21-22-23-26-28-31-32-33-34-35-36-37-38-39-40-41-42-43-44-45-46-47-48-49,20867,3010
../../instances/kp/multi_profits/inst_3_50_1000_171,0-1-2-4-5-6-9-10-12-13-14-15-16-18-20-22-23-25-26-27-28-30-31-32-33-35-37-38-40-41-42-43-44-46-47-48-49,12229,1932
../../instances/kp/multi_profits/inst_3_50_1000_12,1-2-5-6-7-8-9-10-11-12-14-16-17-18-19-20-21-24-25-26-27-28-29-30-33-35-36-37-38-39-40-41-42-44-45-46-48-49,15377,2322
../../instances/kp/multi_profits/inst_3_50_1000_135,2-3-8-12-13-14-15-18-22-24-27-28-29-30-31-33-41-43-44-46-48-49,5509,935
../../instances/kp/multi_profits/inst_3_50_1000_69,0-1-4-6-7-8-9-12-13-14-15-16-18-19-20-21-22-24-25-27-28-29-30-31-32-33-34-36-37-38-39-40-41-42-43-44-45-46-47-48-49,19129,2812
../../instances/kp/multi_profits/inst_3_50_1000_56,0-1-2-3-4-8-10-11-12-13-15-16-21-23-25-27-29-30-31-32-33-34-37-38-39-40-41-44-45-46-47-49,9687,1562
../../instances/kp/multi_profits/inst_3_50_1000_132,0-3-4-6-10-12-13-15-16-19-24-25-26-27-29-30-32-33-34-36-42-46-47-48-49,5791,1003
../../instances/kp/multi_profits/inst_3_50_1000_51,0-1-3-4-5-6-9-13-15-17-18-19-20-21-22-23-25-26-27-29-31-32-33-34-36-37-38-40-41-43-44-47-49,7938,1366
../../instances/kp/multi_profits/inst_3_50_1000_58,0-1-2-3-4-7-8-9-10-12-13-14-15-16-17-18-19-22-23-24-26-28-30-32-36-37-40-41-43-44-45-46-47-48-49,11522,1827
../../instances/kp/multi_profits/inst_3_50_1000_104,0-1-6-7-9-10-12-13-14-17-19-21-25-26-28-30-31-32-34-35-39-40-42-46-48-49,6340,1083
../../instances/kp/multi_profits/inst_3_50_1000_93,1-2-3-5-6-7-9-11-12-13-15-17-18-19-20-23-25-28-29-30-32-33-34-36-37-39-40-41-42-43-44-45-46-47-48-49,15711,2343
../../instances/kp/multi_profits/inst_3_50_1000_67,0-1-2-3-4-5-7-9-12-14-15-16-17-18-20-21-22-23-24-25-26-27-29-30-31-32-33-34-35-36-37-38-40-41-42-44-46-47-49,17699,2618
../../instances/kp/multi_profits/inst_3_50_1000_103,0-1-2-3-4-5-6-8-9-10-12-14-15-16-17-18-19-20-22-23-24-25-26-28-30-31-34-35-36-41-42-43-44-45-46-47-48-49,15382,2323
../../instances/kp/multi_profits/inst_3_50_1000_60,3-7-8-10-12-13-14-15-16-20-22-23-25-26-28-30-33-34-37-40-41-42-43-44-46-48-49,9355,1468
../../instances/kp/multi_profits/inst_3_50_1000_94,0-4-5-6-7-8-9-10-12-13-14-15-16-17-18-19-20-21-25-26-27-29-30-31-32-33-34-35-37-39-40-41-42-43-44-45-46-47-48-49,14526,2244
../../instances/kp/multi_profits/inst_3_50_1000_168,2-4-5-6-7-9-16-19-21-23-27-28-30-32-33-35-37-38-42-45-46-47-48-49,5569,965
../../instances/kp/multi_profits/inst_3_50_1000_34,0-2-3-4-5-7-8-9-11-12-13-14-15-16-17-19-20-22-23-24-25-26-27-29-30-31-32-33-34-36-40-41-42-43-44-45-46-47-48-49,16688,2506
../../instances/kp/multi_profits/inst_3_50_1000_157,1-2-4-5-8-9-10-12-13-14-17-19-21-22-24-25-26-27-29-30-31-32-34-35-36-37-38-39-40-41-42-43-44-45-46-47-48-49,15750,2369
../../instances/kp/multi_profits/inst_3_50_1000_33,0-1-2-3-8-9-17-20-22-25-27-28-29-30-31-32-33-34-36-38-39-41-42-44-45-46-47-48,9496,1489
../../instances/kp/multi_profits/inst_3_50_1000_150,1-2-3-6-7-8-9-10-13-14-17-19-21-22-24-25-26-28-31-32-36-37-40-42-44-45-46-47-48-49,10983,1693
../../instances/kp/multi_profits/inst_3_50_1000_159,0-4-5-6-7-10-11-12-14-15-16-17-18-20-21-23-26-28-29-30-35-36-37-38-39-40-42-48,10283,1587
../../instances/kp/multi_profits/inst_3_50_1000_192,0-4-7-9-10-14-15-17-19-20-21-23-25-26-27-31-32-33-34-36-37-40-41-42-44-45-46-47-48,8684,1407
../../instances/kp/multi_profits/inst_3_50_1000_166,0-1-2-4-5-10-12-13-19-20-24-25-27-29-32-33-36-38-41-44-45-47-49,5419,934
../../instances/kp/multi_profits/inst_3_50_1000_161,1-3-4-6-8-9-10-12-13-15-17-18-19-20-24-26-27-28-29-31-34-35-36-37-39-40-41-42-43-44-45-46-47-48-49,10482,1695
../../instances/kp/multi_profits/inst_3_50_1000_195,0-1-3-5-7-8-10-13-14-15-17-20-22-24-25-28-31-34-35-36-38-39-40-42-44-45-47-48-49,9814,1539
../../instances/kp/multi_profits/inst_3_50_1000_102,0-4-5-6-10-12-13-14-18-20-22-23-28-29-30-31-32-34-35-36-38-42-43-44-45-46-47-48-49,9509,1505
../../instances/kp/multi_profits/inst_3_50_1000_95,0-2-3-5-6-7-8-9-10-11-13-15-18-19-20-21-22-25-26-27-29-30-32-35-36-39-40-41-42-43-44-45-46-47,10643,1709
../../instances/kp/multi_profits/inst_3_50_1000_61,3-5-6-7-8-9-11-15-19-20-23-26-29-30-32-33-35-37-38-39-40-42-44-49,5126,911
../../instances/kp/multi_profits/inst_3_50_1000_105,1-2-4-5-6-7-8-9-10-11-12-13-17-19-20-21-26-27-28-29-31-32-33-34-35-37-38-39-40-44-46-48-49,13274,2007
../../instances/kp/multi_profits/inst_3_50_1000_59,0-1-2-3-4-5-6-8-10-11-12-13-14-15-16-17-18-19-20-23-25-26-27-28-31-32-33-34-35-36-37-38-39-40-41-42-43-44-45-46-47-48-49,18966,2821
../../instances/kp/multi_profits/inst_3_50_1000_66,0-1-3-4-7-8-10-11-14-15-16-17-18-19-21-22-23-25-26-27-28-29-31-33-34-35-37-38-41-43-44-45-47-48-49,12852,1981
../../instances/kp/multi_profits/inst_3_50_1000_92,2-3-4-5-6-7-8-9-11-12-13-14-16-19-21-22-24-25-26-27-28-29-31-33-35-36-37-39-40-41-42-43-45-46-49,11438,1817
../../instances/kp/multi_profits/inst_3_50_1000_133,0-1-2-3-4-5-6-7-9-10-12-13-15-16-17-18-19-20-21-22-23-24-25-26-27-28-29-30-31-32-34-35-36-38-39-40-41-42-43-44-45-46-47-48-49,18982,2844
../../instances/kp/multi_profits/inst_3_50_1000_50,0-1-3-4-5-6-7-8-9-10-11-12-14-16-17-19-20-21-23-24-26-27-30-32-33-34-35-36-37-38-39-40-41-42-44-45-47-48-49,15351,2336
../../instances/kp/multi_profits/inst_3_50_1000_68,0-1-2-4-6-7-9-12-13-14-15-16-18-19-20-22-23-24-25-26-27-28-29-31-32-33-34-35-36-37-38-39-40-41-42-43-44-45-46-47-48-49,19675,2890
../../instances/kp/multi_profits/inst_3_50_1000_134,0-1-2-3-4-5-6-7-8-9-10-12-13-14-15-17-18-19-20-21-22-23-24-26-28-29-31-33-35-36-37-38-39-40-41-42-44-45-46-47-48-49,17294,2604
../../instances/kp/multi_profits/inst_3_50_1000_57,0-1-3-4-5-6-12-13-14-15-17-21-22-23-26-27-29-30-33-34-36-37-40-41-42-43-46-47-48-49,9672,1538
../../instances/kp/multi_profits/inst_3_50_1000_194,0-2-9-11-12-13-15-17-18-19-20-21-24-26-33-35-37-43-44-45-46-47-48-49,6114,1030
../../instances/kp/multi_profits/inst_3_50_1000_160,0-1-3-6-8-12-14-16-19-20-22-23-24-25-26-28-30-33-34-35-36-37-38-39-40-41-42-43-46-47-48-49,8113,1374
../../instances/kp/multi_profits/inst_3_50_1000_158,1-2-3-5-6-7-9-10-11-12-13-14-16-17-19-21-22-24-25-26-27-28-29-31-34-35-36-37-38-39-40-41-42-43-44-45-46-47-48-49,14451,2237
../../instances/kp/multi_profits/inst_3_50_1000_167,0-1-2-3-4-6-7-8-9-11-12-15-16-17-18-19-20-21-22-23-25-26-27-28-29-30-32-33-34-35-36-37-38-39-40-41-42-43-44-45-46-47-48-49,17362,2640
../../instances/kp/multi_profits/inst_3_50_1000_193,0-1-3-4-5-8-10-14-16-19-20-21-22-23-24-25-26-27-28-29-30-31-32-34-36-37-38-39-40-41-42-43-44-45-46-47-48-49,15205,2305
../../instances/kp/multi_profits/inst_3_50_1000_32,0-2-3-4-8-10-11-13-14-15-17-18-19-20-21-23-26-27-28-31-33-36-39-40-42-43-47-49,6708,1153
../../instances/kp/multi_profits/inst_3_50_1000_151,1-2-3-4-5-8-12-13-14-15-16-18-20-24-25-26-28-30-31-33-34-35-36-37-38-39-40-42-43-44-45-46-47-48-49,12059,1887
../../instances/kp/multi_profits/inst_3_50_1000_35,1-4-5-6-7-8-11-12-13-15-19-20-23-24-25-26-27-28-29-30-32-33-34-35-37-39-41-42-43-44-45-46-47-48-49,13519,2058
../../instances/kp/multi_profits/inst_3_50_1000_169,1-2-3-4-5-6-10-11-12-13-14-15-16-19-20-21-22-23-28-29-31-32-35-36-38-39-40-43-44-45-46-48,11579,1796
../../instances/kp/multi_profits/inst_3_50_1000_156,0-2-5-8-10-13-23-24-25-26-30-31-33-34-35-38-39-41-43-45-46-47-48-49,5502,957
../../instances/kp/multi_profits/inst_3_50_1000_5,0-1-2-3-5-6-7-10-12-13-14-15-16-17-18-19-20-21-22-23-26-27-29-31-34-35-36-37-39-40-41-42-43-44-46-47-48-49,16464,2457
../../instances/kp/multi_profits/inst_3_50_1000_2,0-2-3-4-5-7-8-9-12-14-19-21-22-23-26-27-28-29-30-31-32-33-35-36-37-39-40-43-44-45-46-47-48-49,12561,1935
../../instances/kp/multi_profits/inst_3_50_1000_3,0-1-3-4-5-6-8-11-12-13-14-17-18-20-21-22-24-27-28-29-30-31-32-33-36-37-41-43-44-45-46-48-49,8363,1412
../../instances/kp/multi_profits/inst_3_50_1000_4,0-2-3-6-7-8-9-10-11-12-13-14-15-16-17-18-19-21-22-23-24-25-27-28-29-30-31-32-34-35-36-37-38-39-40-41-42-44-46-47-48-49,15893,2434
../../instances/kp/multi_profits/inst_3_50_1000_180,1-2-4-5-10-12-13-15-16-17-18-21-23-24-26-30-34-35-38-42-43-45-48,6914,1117
../../instances/kp/multi_profits/inst_3_50_1000_28,0-1-2-3-4-6-7-8-12-15-22-23-25-26-28-29-30-31-32-33-34-35-38-39-40-41-43-44-45-46-47-48-49,8630,1446
../../instances/kp/multi_profits/inst_3_50_1000_174,0-2-5-6-7-8-9-11-12-13-15-16-17-19-21-22-23-26-30-31-34-35-36-37-38-39-40-42-43-44-46-47-48-49,14236,2137
../../instances/kp/multi_profits/inst_3_50_1000_17,4-5-7-12-17-21-22-26-30-31-33-35-37-38-39-40-43-44-45-46-47-48-49,6906,1119
../../instances/kp/multi_profits/inst_3_50_1000_173,1-3-6-8-9-10-11-13-14-15-16-18-19-20-21-23-24-25-26-27-28-30-32-34-37-39-41-43-44-45-46-47-48-49,9729,1589
../../instances/kp/multi_profits/inst_3_50_1000_187,2-4-6-9-10-12-14-21-24-26-27-33-35-38-40-43-44-45-46-47-48-49,6876,1100
../../instances/kp/multi_profits/inst_3_50_1000_10,0-5-6-8-11-13-15-18-19-20-22-23-26-28-36-37-39-44-46-49,6495,1026
../../instances/kp/multi_profits/inst_3_50_1000_145,1-3-4-5-6-7-8-9-10-11-14-15-18-19-22-23-25-26-28-29-30-31-33-34-37-38-40-41-42-43-44-45-46-47-49,11765,1854
../../instances/kp/multi_profits/inst_3_50_1000_19,0-1-2-3-5-6-8-9-12-13-14-15-18-19-20-21-22-23-24-25-27-28-29-30-32-35-36-37-38-39-40-42-43-44-45-46-47-48-49,18246,2685
../../instances/kp/multi_profits/inst_3_50_1000_26,1-2-4-5-6-7-9-10-14-15-16-19-20-21-22-24-26-27-28-29-31-32-33-34-35-36-37-38-39-40-41-42-43-44-45-46-47-48-49,17556,2605
../../instances/kp/multi_profits/inst_3_50_1000_142,0-2-3-4-5-6-7-8-9-10-11-12-13-14-15-16-18-19-20-22-24-26-27-28-29-30-32-35-36-37-38-40-41-42-43-45-46-47-49,18488,2716
../../instances/kp/multi_profits/inst_3_50_1000_189,0-1-2-3-5-6-8-9-10-11-12-13-14-15-16-17-18-20-21-22-23-25-26-27-28-29-30-31-32-33-36-38-40-41-42-43-44-45-46-47-48-49,17205,2597
../../instances/kp/multi_profits/inst_3_50_1000_21,0-2-7-12-14-18-20-22-24-25-27-28-29-30-34-36-40-41-42-43-45-46-47-49,6168,1040
../../instances/kp/multi_profits/inst_3_50_1000_81,1-3-4-5-6-7-8-9-10-12-13-14-15-16-17-19-20-22-23-24-25-26-27-28-29-30-31-32-33-35-36-37-38-39-40-41-42-43-44-45-46-48-49,18286,2742
../../instances/kp/multi_profits/inst_3_50_1000_75,3-4-5-6-7-8-9-10-11-12-16-17-19-20-21-22-23-24-25-26-27-28-29-31-32-35-36-37-38-39-40-41-43-44-45-48,14534,2197
../../instances/kp/multi_profits/inst_3_50_1000_129,0-1-2-3-7-9-12-13-16-17-18-20-21-22-24-26-27-29-30-31-33-34-35-37-38-40-41-42-44-46-47-49,9796,1574
../../instances/kp/multi_profits/inst_3_50_1000_116,0-3-6-8-10-12-13-14-15-16-17-18-21-23-24-25-28-29-31-32-33-34-37-41-42-43-44-45-46-47-49,9039,1470
../../instances/kp/multi_profits/inst_3_50_1000_72,0-3-6-7-8-9-11-13-14-15-17-18-20-22-24-25-27-28-30-33-34-35-36-37-38-40-41-42-45-46-49,8273,1382
../../instances/kp/multi_profits/inst_3_50_1000_86,0-1-2-3-6-7-9-10-11-12-13-14-16-18-19-21-22-23-24-25-26-27-28-29-32-34-35-36-37-39-40-41-42-43-44-45-46-47-48-49,17832,2648
../../instances/kp/multi_profits/inst_3_50_1000_111,6-7-8-11-12-13-15-18-19-20-23-24-30-31-33-34-35-40-42-43-44-45-47-48-49,5203,936
../../instances/kp/multi_profits/inst_3_50_1000_118,0-1-4-5-6-7-9-10-12-15-16-17-19-20-21-23-24-25-26-27-29-30-31-32-33-34-35-36-37-38-39-40-41-42-43-44-45-46-47-48-49,16815,2537
../../instances/kp/multi_profits/inst_3_50_1000_44,0-1-7-8-9-10-11-14-16-17-19-21-23-26-28-30-31-32-33-36-37-38-39-40-42-43-44-45-46-47-48-49,12958,1959
../../instances/kp/multi_profits/inst_3_50_1000_127,0-1-2-3-4-5-6-7-8-10-11-12-14-15-16-17-18-21-22-25-27-30-33-34-35-36-37-38-40-41-42-43-44-45-46-47-48-49,11203,1817
../../instances/kp/multi_profits/inst_3_50_1000_43,0-3-5-6-7-8-10-11-12-14-16-17-18-19-20-21-23-24-25-26-27-29-30-35-37-38-39-40-41-42-43-44-45-47-48-49,12130,1906
../../instances/kp/multi_profits/inst_3_50_1000_88,0-5-6-8-10-11-12-14-16-21-23-26-29-31-32-33-36-37-38-39-41-43-44-45-47-48-49,7560,1246
../../instances/kp/multi_profits/inst_3_50_1000_120,0-1-2-6-8-9-10-11-13-14-15-16-18-19-20-21-23-24-25-27-28-29-30-31-32-33-34-35-36-38-40-42-43-44-45-46-47-49,18333,2682
../../instances/kp/multi_profits/inst_3_50_1000_143,0-1-2-3-4-5-6-7-8-9-11-12-13-15-16-17-19-22-23-24-25-26-27-28-29-30-31-32-33-34-35-36-37-38-39-41-44-46-47-48-49,18736,2767
../../instances/kp/multi_profits/inst_3_50_1000_20,2-3-4-6-7-8-9-10-12-13-14-15-17-19-20-21-22-23-24-25-26-27-29-30-32-34-35-37-38-39-40-41-42-43-45-46-48-49,11819,1893
../../instances/kp/multi_profits/inst_3_50_1000_188,0-1-2-8-14-15-16-17-18-19-20-21-22-23-27-29-30-34-36-37-38-39-49,5480,942
../../instances/kp/multi_profits/inst_3_50_1000_18,0-1-3-4-7-10-13-14-16-19-20-21-22-23-24-25-26-27-29-30-31-32-33-34-36-37-40-41-43-44-45-47-48-49,12710,1954
../../instances/kp/multi_profits/inst_3_50_1000_144,0-1-2-3-4-5-6-7-8-9-11-12-13-14-15-16-17-18-19-20-21-22-23-24-25-26-27-31-33-34-35-36-37-39-40-41-42-43-44-47-48-49,15629,2403
../../instances/kp/multi_profits/inst_3_50_1000_27,0-2-3-4-5-6-7-8-9-10-11-12-13-15-16-17-18-20-21-22-23-24-25-27-28-29-30-31-33-35-37-38-39-40-41-42-43-44-45-46-47-48-49,15769,2430
../../instances/kp/multi_profits/inst_3_50_1000_186,2-4-6-7-8-10-12-13-14-15-16-17-18-19-21-22-23-24-25-26-28-29-34-35-37-39-40-42-43-44-45-48-49,7216,1276
../../instances/kp/multi_profits/inst_3_50_1000_172,1-2-3-6-10-12-13-16-17-20-23-26-28-31-33-36-40-41-42-44-47-48-49,5201,907
../../instances/kp/multi_profits/inst_3_50_1000_11,0-1-2-6-7-8-9-10-12-13-14-15-17-18-21-22-23-25-26-27-28-29-30-31-32-33-34-35-36-37-38-39-40-41-43-45-46-47-48-49,16347,2465
../../instances/kp/multi_profits/inst_3_50_1000_175,0-2-4-5-8-9-10-11-13-14-16-17-19-20-22-23-24-25-26-27-28-29-30-31-32-33-34-35-36-37-38-39-40-41-42-43-44-45-46-47-48-49,18970,2813
../../instances/kp/multi_profits/inst_3_50_1000_29,1-4-7-8-10-13-16-17-19-20-21-23-24-27-28-29-35-37-38-39-40-41-43-44-45-46-47-48-49,10194,1586
../../instances/kp/multi_profits/inst_3_50_1000_181,2-4-5-7-8-9-10-13-15-16-19-21-29-31-39-43-44-46-47-48-49,6687,1067
../../instances/kp/multi_profits/inst_3_50_1000_16,0-1-2-4-6-7-8-9-10-11-12-13-14-15-16-17-18-19-20-21-23-24-26-28-29-31-32-33-34-35-36-37-38-39-40-42-45-46,16284,2430
../../instances/kp/multi_profits/inst_3_50_1000_42,1-2-3-7-8-9-10-11-12-13-14-18-20-22-24-27-28-29-30-31-33-34-35-36-37-38-39-40-41-42-44-46-47-48-49,13782,2096
../../instances/kp/multi_profits/inst_3_50_1000_121,0-2-3-4-5-6-7-8-9-10-11-13-14-15-16-18-19-20-21-22-23-24-25-26-28-30-31-32-33-34-35-36-40-41-42-44-45-46-47-49,18323,2704
../../instances/kp/multi_profits/inst_3_50_1000_89,0-1-2-4-6-7-8-9-10-14-15-16-17-18-20-21-22-23-24-25-26-27-28-29-30-31-32-33-34-35-36-37-38-39-40-41-42-43-44-45-46-47-48-49,18770,2810
../../instances/kp/multi_profits/inst_3_50_1000_45,0-2-3-4-5-6-7-8-9-10-11-12-13-14-15-16-17-18-20-21-22-25-26-27-28-29-30-31-32-33-34-35-36-37-38-39-40-41-42-45-46-47-48-49,17868,2701
../../instances/kp/multi_profits/inst_3_50_1000_119,2-4-5-6-8-10-12-13-15-16-18-20-21-22-23-24-25-26-28-31-35-37-38-39-40-43-46-47-49,10558,1633
../../instances/kp/multi_profits/inst_3_50_1000_126,0-2-3-5-7-8-9-12-13-16-20-21-23-24-25-27-29-30-31-32-33-36-37-38-39-42-44-45-46-47,10604,1649
../../instances/kp/multi_profits/inst_3_50_1000_87,1-6-7-8-10-11-12-13-14-15-17-18-19-20-22-25-27-29-31-33-34-35-38-40-41-44-45-46-48-49,9071,1464
../../instances/kp/multi_profits/inst_3_50_1000_73,1-2-3-4-6-7-10-12-16-19-20-23-26-30-31-32-34-35-36-38-40-42-43-44-45-46-47-48-49,9333,1481
../../instances/kp/multi_profits/inst_3_50_1000_110,0-1-2-4-5-6-7-8-10-11-12-13-14-15-16-17-18-19-20-21-22-23-24-25-26-28-29-30-31-32-34-35-36-38-39-40-41-42-43-44-45-46-47-48-49,17126,2619
../../instances/kp/multi_profits/inst_3_50_1000_128,0-1-2-5-8-9-10-12-15-22-24-25-26-27-28-29-32-34-35-37-38-39-40-41-42-43-44-45-46-48,9964,1568
../../instances/kp/multi_profits/inst_3_50_1000_74,9-10-12-16-19-20-22-24-25-27-28-30-31-32-35-39-47-48-49,5745,928
../../instances/kp/multi_profits/inst_3_50_1000_80,0-2-4-6-9-11-13-14-15-16-18-19-20-22-23-26-27-29-30-33-36-37-38-40-41-42-43-44-45-46-47-48-49,11894,1842
../../instances/kp/multi_profits/inst_3_50_1000_117,0-1-3-4-6-7-8-9-10-11-12-13-14-15-16-17-18-19-20-21-22-23-25-28-29-30-32-33-34-35-36-38-39-40-41-42-43-44-45-46-48,18995,2800
